pictogram_label,pictogram_file,pictogram_category,pictogram_metadata
A des dettes,a_des_dettes,15.5.0;3.2.0;10.0.0,argent;pauvre;endetté;débiteur;créancier;payer;charges
A un animal,a_un_animal,7.1.5;13.9.0,chien;chat;lapin;poule;vétérinaire;animal de compagnie;dresser
Abondance des règles,abondance_des_saignements,16.3.0;2.20.0,règles;menstruations;cycle menstruel
Abondance des règles 2,abondance_des_saignements_2,2.20.0;16.3.0,règles;menstruations;cycle menstruel
Abricot,abricot,1.1.0,abricot;fruit
Acariens,acariens,2.5.0;13.9.0;2.2.0;2.5.0,logement;insalubrité;nuisible;insecte
Accouchement hôpital,accouchement_a_l_hopital,16.1.0;2.23.0;16.4.0;2.22.0,accouchement;hopital;maternité
Accouchement,accouchement_a_l_hopital,16.1.0;2.23.0,accoucher;enceinte;maison;grossesse;sage-femme;bébé;naissance
Accouchement maison,accouchement_a_la_maison,16.1.0;2.23.0,accouchement;émotion;vécu;femme;grossesse;bébé;accoucher
Ressenti accouchement,accouchement_forceps,16.1.0;2.23.0,accouchement;accoucher;enfanter;donner naissance
Césarienne,accouchement_par_cesarienne,16.1.0;2.23.0,accouchement;accoucher;enfanter;donner naissance
Accouchement voie basse,accouchement_par_voie_basse,16.1.0;2.23.0,accouchement;accoucher;enfanter;donner naissance
Adolescent,adolescent,12.1.0;12.2.0;18.0.0,adolescent;crise;acnée
Afrique,afrique,13.1.0,continent;territoire;pays;origine;afrique
Age enfant,age_enfants,18.4.0,âge enfant;tranche d'âge;croissance
Agent métropolitain,agent_de_la_metropole,14.7.0;12.1.0,agent;fonctionnaire;interlocuteur;professionnel;accueil;métropole de lyon;métropole
Aider pour s'habiller,aide_habiller,13.7.0;5.1.0;2.30.0,mettre ses vêtements;enfiler ses vêtements;habits;se couvrir;personne âgée;handicap;aidant;aider;autonomie;dépendance
Aider pour se laver,aide_laver,13.7.0;5.1.0;20.1.0;20.4.0;19.4.0;2.30.0,hygiène;aidant;faire sa toilette;aider;autonomie;dépendance;personne âgée;handicap
Aider pour se lever,aide_lever,13.7.0;5.1.0;2.30.0,coucher;lever;dormir;lit;personne âgée;handicap;aidant;aider;autonomie;dépendance
Aider pour manger,aide_manger,13.7.0;5.1.0;1.9.0;2.30.0,manger;repas;se nourrir;s'alimenter;déjeûner;dîner;souper;petit-déjeuner;goûter;personne âgée;handicap;aidant;aider;autonomie;dépendance
Aide ménagère,aide_menagere,14.2.0;5.3.0;2.11.0;12.3.0,aide ménagère;femme de ménage;homme de ménage;ménage;aidant
Aides métropole,aides_deja_acquises,4.1.0;14.7.0,aides;acquises;allocations;primes d'activités
Droit et aide,aides_deja_acquises,19.2.0;20.1.0;4.1.0;4.2.0;15.5.0,aides;acquises;allocations;primes d'activités
Alcool,alcool,2.3.0;13.3.6;17.0.0;13.3.0,Alcool;boire;vin;whysky;rhum;vodka;gin;bière
Allaitement,allaitement,1.4.0;1.2.0;18.1.0;16.2.0,allaitement;lait;alimentation bébé;sein
Allaiter debout allongé,allaitement_debout_allonge,1.4.0;1.2.0;18.1.0;16.2.0,allaitement;position;debout : allongé
Allergie puce,allergie_aux_puces,2.7.0;13.9.0,allergie puce;insectes;ménage;acariens
Allergie chat,allergie_chat,13.9.0;2.7.0,allergie chat;animaux;poils;tousser
Allergie chien,allergie_chien,13.9.0;2.7.0,allergie chien;animaux;poils;tousser
Allergie pollen,allergie_pollen,2.7.0,allergie pollen;graminés;éthernuement;tousser;printemps
Allergie pollution,allergie_pollution,2.7.0,allergie pollution;air;asthme;pollution;éthernuement
Allergie poussière,allergie_poussiere,2.7.0,allergie poussière;ménage;asthme;éternuement;tousser
Allumer la lumière,allumer_la_lumiere,13.7.0;2.9.0,lumière;chambre;veilleuse;allumer;noir
Alphabet français,alphabet_francais,13.6.0,lettre;alphabet;épeler;nom;prénom;mot
Ambulance,ambulance,13.3.0;2.18.0;13.3.7;14.1.0,Service d'urgence;urgence médicale : Transport;ambulance;ambulance taxi;transport en ambulance
Amérique du Nord,amerique_du_nord,13.1.0,continent;territoire;pays;origine;amérique du nord;Etats-Unis;usa
Amérique du Sud,amerique_du_sud,13.1.0,continent;territoire;pays;origine;amérique du sud;latine
Appareil auditif,appareil_auditif,2.13.0;13.3.0,audition;entendre;perte de fréquences;malentendant;oreille;écouter
Appareil dentaire,appareil_dentaire,13.3.3;2.28.0;13.3.0,dents;dentiste;appareil dentaire
Appeler,appeler_composer_un_numero,13.7.0;5.1.0,téléphone;portable; ligne téléphonique;numéro;appeler;contact;proche;référent;smartphone;06
Araignée,araignee,13.9.0,insecte;piqûre
Ascenseur,ascenseur,13.3.0;7.1.2,monter;descendre;immeuble;étage;escalier
Asie,asie,13.1.0,continent;territoire;pays;origine;asie
Aspirateur,aspirateur,13.3.0;7.1.2;13.3.3;11.5.0;13.3.0,aspirateur;nettoyer;ménage;aspirer;poussière
Assiette,assiette,13.3.0;7.1.2;1.9.0;13.3.0;20.2.0,assiette;couvert;manger;à table ;repas
Assiette avec repas,assiette_avec_repas,1.0.0;13.3.2;13.3.0,manger;assiette;plat;couverts;ingrédients;nourriture;
Alimentation,assiette_avec_repas,19.1.0;20.2.0;1.3.0;5.2.0;15.4.0,manger;assiette;plat;couverts;ingrédients;nourriture;
Assistante sociale,assistant_social,14.2.012.3.0,assistante sociale;aides
Sécurité sociale,assurance_maladie,14.0.0,ameli;cpam;assurance;couverture;maladie;remboursement santé
Aubergine,aubergine,1.1.0,aubergine;fruits
Automne,automne,13.4.0,saison;automne;calendrier
Auxiliaire de vie,auxilliaire_de_vie,20.4.0;19.4.0;14.1.0;14.2.0;2.19.0;12.3.0;7.5.0,auxiliaire de vie;aide;assistance;aidant
Avion,avion,7.4.0;15.2.0;13.3.7;13.3.0,avion;jet;moyen de transport;voler
Avis d'imposition,avis_d_imposition,3.2.0;15.3.0,impôts : avis d'imposition
Babyphone,babyphone,13.3.1;2.9.0;18.5.0,babyphone;interphone
Baignoire,baignoire,13.3.3;2.2.0;13.3.0,bain;baignoire;se laver
Baignoire adulte,baignoire_2,13.3.3;2.2.0;13.3.0,bain;baignoire;se laver
Baignoire bébé,baignoire_bebe,13.3.1;18.5.0;13.3.3;2.2.0;13.3.0,baignoire;bébé;laver;bain;toilette;soins
Baignoire bébé,baignoire_bebe_2,13.3.1;18.5.0;13.3.3;2.2.0;13.3.0,baignoire;bébé;laver;bain;toilette;soins
Bains douches,bains_douches,2.2.0;15.4.0;14.3.0,Bains douches;prendre une douche;douche gratuite;se laver gratuitement
Banane,banane,1.1.0,banane;fruits;diarhée
Barre d'appui,barre_d_appui_douche,7.1.2;19.3.0;20.3.0,barre;appui;aider;soutien;douche;baignoire;se laver
Bas du corps femme,bas_du_corps_femme,2.17.0,femme;fille;bas; fesse;jambes;pied;sexe
Bas du corps homme,bas_du_corps_homme,2.17.0,homme;garçon;bas;fesse;jambes;pied;sexe
Bâteau,bateau,7.4.0;15.2.0;13.3.7;13.3.0,Bateau;navire
Bébé,bebe,12.1.0;12.2.0;18.0.0,bébé;nourrison
Enfant / bébé,bebe,12.1.0,bébé;nourrison
Bébé à 4 pattes,bebe_a_quatre_pattes,18.6.0;12.1.0;2.25.0,bébé à 4 pattes;position;se déplacer;marcher; 4 pattes
Bébé assis,bebe_assis,18.6.0;12.1.0;2.25.0,bébé assis;asseoir;position
Bébé au sein,bebe_au_sein,1.4.0;1.2.0;18.1.0,bébé;sein;allaitement;nourrir;alimentation 
Bébé dort,bebe_dort,2.9.0,sommeil;bébé;dormir;sieste
Bébé dort,bebe_dort_matelas,2.9.0,sommeil;bébé;dormir;sieste
Bébé dort sur le dos,bebe_dort_sur_dos,2.9.0,sommeil;bébé;dormir;sieste
Bébé dort sur le ventre,bebe_dort_sur_ventre,2.9.0,sommeil;bébé;dormir;sieste
Mal aux oreilles bébé,bebe_douleurs_aux_oreilles,18.4.0;2.6.0;2.13.0,mal aux oreilles;bébé;audition
Fatigue bébé,bebe_fatigue,13.2.0;12.1.0;2.9.0,bébé;fatigue;repos;sommeil
Fatigue bébé,bebe_fatigue_2,13.2.0;12.1.0;2.9.0,bébé;fatigue;repos;sommeil
Mal à la gorge bébé,bebe_mal_de_gorge,18.4.0;2.6.0;2.13.0,douleur;mal à la gorge;gorge;toux;bébé
Toux bébé,bebe_mal_de_gorge_et_toux,2.6.0;18.4.0,toux bébé;tousser;rhume;gorge
Mal à la tête bébé,bebe_mal_de_tete,18.4.0;2.6.0;2.13.0,mal à la tête;bébé;crâne;douleur
Nez qui coule bébé,bebe_nez_qui_coule,18.4.0;2.6.0;2.13.0,nez qui coule;rhume;bébé;se moucher
Bébé marche,bebe_qui_marche,18.6.0;12.1.0;2.25.0,bébé marche;se déplacer;debout
Bébé tient le doigt,bebe_qui_tient_le_doigt,2.25.0,bébé tient le doigt;s'accrocher;marcher;se déplacer
Bébé sur le côté,bebe_sur_le_cote,18.6.02.25.0,bébé;nourrison;allongé
Bébé de face,bebe_sur_le_dos,18.6.02.25.0,bébé;nourrison;allongé
Bébé sur le ventre,bebe_sur_le_ventre,18.6.02.25.0,bébé;nourrison;allongé
Bébé tête en bas,bebe_tete_en_bas,16.1.0;2.23.0;16.4.0;2.22.0,bébé;ventre;grossesse;tête en bas
Bébé tête en haut,bebe_tete_en_haut,16.1.0;2.23.0;16.4.0;2.22.0,bébé;en siège;fesses en bas;tête en haut;ventre
Bébé tête en haut ou bas,bebe_tete_en_haut_ou_en_bas,16.1.0;2.23.0;16.4.0;2.22.0,bébé;tête;accouchement;naissance
Berceau bébé,berceau_bebe,13.3.1;18.5.0;2.9.0;13.3.0,berceau;lit;bébé;couchage;dormir;sommeil;doudou;tétine;sucette
Besoin d'aide pour se déplacer,besoin_d_aide_pour_se_deplacer,13.7.0;5.1.0;19.4.0;5.1.0;2.30.0,marcher;se promener;déambuler;sortir dehors;bouger;s'aérer;personne âgée;handicap;aidant;aider;autonomie;dépendance
Besoins de première nécessité,besoins_premieres_necessites,15.4.0,manger;dormir;boire;vetements;hygiène;besoins;logement;maison;lien social;première nécessité;logement;accueil;entouré;référent;santé;laver;proche;entourage
Biberon,biberon,13.3.1;16.2.0;13.3.2;1.2.0;18.1.0;13.3.0,biberon;bébé;verre;plastique;lait;repas;nourriture;eau;tétine;allaitement
Biberon verre,biberon_verre,13.3.1;16.2.0;13.3.2;1.2.0;18.1.0;13.3.0,lait;bébé;enfant;tétine;allaiter;manger;boire;se nourrir
Biscuit,biscuit,1.5.0,biscuits;gateaux;sucre
Biseptine,biseptine,2.1.0,biseptine;flacon;jaune;désinfecter
Bleu cutané,bleu_hematome,2.24.0;2.5.0,bleu cutané;coup;bosse
Body,body,18.8.0;2.16.0,pyjama;body
Boire,boire,1.7.0;13.7.0,boire;s'hydrater;hydratation
Boisson café,boisson_cafe,1.7.0,boisson chaude;café; décaféiné;caféine
Boisson chocolat,boisson_chocolat,1.7.0;1.5.0,boisson chaude;chocolat chaud;cacao
Boisson thé,boisson_the,1.7.0,boisson chaude;thé;théine
Boîte à repas,boite_a_repas,13.3.2,manger;lunchbox;repas à emporter;travail;transport;tupperware
Boîte aux lettres,boite_aux_lettres,13.3.4;7.1.5;13.3.0,courrier;facteur;correspondance
Bon matelas ,bon_matelas_ferme,2.9.0,matelas;bébé;chambre bébé;souple
Bonbons,bonbon_sucette,1.5.0,bonbons;sucre;gourmandises
Bonheur,bonheur,2.10.0;13.2.0;12.3.0,émotion;mental;état;psychologie;sentiment;content : joie;bonheur;sourire;heureux;épanoui
Bouche,bouche_sur_visage,2.17.0;2.14.0,bouche;lèvres;dents;manger
Boutons de vêtement,boutons_de_vetement,2.16.0;18.8.0;13.3.8;13.3.0,boutons;fermer;pressions;attacher
Boutons bras,boutons_sur_bras,2.5.0,bouton bras;pustule;bosse 
Boutons corps,boutons_sur_corps,2.5.0,boutons corps;eczema;plaques rouges
Bracelet de téléassistance,bracelet_de_teleassistance,2.11.0;2.19.0;20.3.0;19.4.0;13.3.6;19.3.0;20.4.0,bracelet : téléassistance;aide;urgent;urgence;bouton;alerte;collier;SOS
Brocolis,brocolis,1.1.0,brocolis;légumes
Brosse à biberon,brosse_a_biberon,13.3.1,biberon;lait;nettoyer;brosse;goupillon;tétine
Brosse à cheveux,brosse_a_cheveux,2.2.0;13.3.0;13.3.0,se coiffer;se faire beau;se faire belle;barette;chouchou;tête;coiffeur
Brosse à dents,brosse_a_dents,2.2.0;13.3.0;13.3.0;13.3.3,dentifrice;dents;nettoyer;hygiène;brosse à dent;brossage;dentiste
Brosse à dents et dentifrice,brosse_a_dents_et_dentifrice,2.2.0;13.3.0;13.3.0;13.3.3,dentifrice;dents;nettoyer;hygiène;brosse à dent;brossage;dentiste
Brulûre,brulure,2.5.0;2.24.0,brulûre;cuisine;danger;blessure
Transport,bus,7.4.0;13.3.7;15.2.0;13.3.0,bus;car;autobus;TCL;transports en commun;voyager
Buste femme,buste_femme,2.17.0,femme;buste;haut du corps;poitrine;épaules;fille;bras
Buste homme,buste_homme,2.17.0,homme;buste;haut du corps;pectauraux;épaules;garçon;bras
Cafard,cafard,2.5.0;13.9.0;2.2.0;2.5.0,Logement;insalubrité;nuisible;insecte
Caisse allocation familiale,caisse_d_allocations_familiales,"14.5.0;3,.2.0",CAF;Caisse d'Allocation Familiale;allocations
Canapé,canape,13.3.0;7.1.2;13.3.0,canapé;salon;assis;TV;repos;aliter
En cas de canicule,canicule,18.9.0;2.29.0,chaleur;insolation;déshydratation;soleil;sécheresse;coup de soleil
Cannabis,cannabis,2.3.0;17.0.013.3.0,canabis;shit;marijuana;chanvre;hachisch;drogue
Canne,canne,19.3.0;20.3.0;13.3.9;13.3.0;,canne;bâton;aide pour se déplacer
Cantine,cantine,18.1.0;1.4.0,cantine;manger;restaurant;alimentation;école
Carnet de santé,carnet_de_sante,3.5.0;2.26.0;18.0.0,carnet de santé;carnet;santé
Carotte,carotte,1.1.0,carotte;légumes;diarhée
Carte assurance maladie,carte_assurance_maladie,3.5.0,carte d'assurance maladie;carte vitale;CMU;mutuelle;carte de mutuelle;papier administratif;pièce administrative;santé;soins;assurance;PUMA
Carte bleue,carte_bleue,15.5.0;3.2.0;10.0.0,argent;payer;mode de paiement;CB;carte bancaire
Stationnement handicapé,carte_de_stationnement_handicape,3.5.0;19.2.0,Carte de stationnement;CMI;carte mobilité inclusion
Carte régions,france,13.1.0,carte;France;régions
Administratif,carte_identite,15.3.0;3.3.0;13.3.0,carte d'identité;papier;CNI;carte nationale;nationalité;pays;document;papier administratif;pièce administrative
Carte de mutuelle,carte_mutuelle_sante_complementaire,3.5.0,Carte de mutuelle;Mutuelle santé;mutuelle complémentaire;carte de mutuelle santé complémentaire
Carte Oura,carte_oura,3.1.0;7.4.0,carte SNCF;carte de train;carte RER;carte Oura
Carte SNCF,carte_sncf,3.1.0;7.4.0,carte SNCF;carte de train;carte RER;carte Oura
Carte Técély,carte_tecely,3.1.0;7.4.0,carte técély;carte de bus;carte de métro;carte de tramway;carte TCL;transports en communs lyonnais;SYTRAL
Casquette adulte,casquette_adulte,2.16.0;13.3.8;13.3.0,coup de soleil;chaleur;se protéger;insolation;faire attention;prévention;accessoire;vêtement;habit
Casquette enfant,casquette_enfant,18.8.0;18.9.0;2.29.0,soleil;bébé;se protéger;chaleur;vêtement;tête;coup de soleil;insolation
Poêle,casserolle_poele,13.3.0;7.1.2;1.9.0;19.1.0;20.2.0,plat;manger;repas;cuisiner;cuire;poêle;cuisson
CDHS,CDHS,14.1.02.19.0,Comité Départemental d'Hygiène Sociale;CDHS
Loisirs,centre_de_loisirs,8.2.0;18.2.0,
Centre de loisirs,centre_de_loisirs,20.0.0,loisirs;activités;enfants;lieux;sortie;jeux;centre de loisirs;activités extra-scolaire
Centre médico-psychiatrique,centre_medico_psychiatrique,14.1.0;2.10.0;2.19.0,CMP;Centre médico psychiatrique;psychologie;prise en charge
Cerise,cerise,1.1.0,cerise;fruit;noyau
Chaise,chaise,13.3.0;7.1.2;13.3.0;13.3.4,ameublement;chaise;assis;repas;table;bureau
Chaise de douche,chaise_de_douche,7.1.2;19.3.0;20.3.0,handicap;aide technique;autonomie;se laver;personne âgée;se doucher
Chaise haute bébé,chaise_haute_bebe,13.3.1;18.5.0;1.9.0;13.3.0,bébé;chaise haute;manger;repas;assis
Où dort l'enfant ?,chambre_parent_lit_bebe,2.9.0;18.10.0;7.1.2,chambre;lit;dormir;sommeil;dodo;coucher
Champignon,champignons,1.1.0,champignons;légumes
Charger le téléphone,charger_le_telephone,13.7.0;5.1.0,batterie;chargeur;téléphone;portable;éteint;charger
Chauffe-lait,chauffe_lait,1.4.0;13.3.1;18.5.0,biberon;température;chauffer;chauffe-lait
Chaussettes,chaussettes,2.16.0;18.8.0;13.3.8;13.3.0,pieds;chaussette;chaud;chaussures;contention;chausson
Chaussure à lacets,chaussures_a_lacets,2.16.0;18.8.0;13.3.8;13.3.0,pieds;chaussure;lacets;basket;marcher
Chèque,cheque,15.5.0;3.2.0;10.0.0,argent;payer;mode de paiement;RIB;chèque;banque
Chèque,cheque_2,15.5.0;3.2.0;10.0.0,argent;paiement;frais;dépense
Cheveux,cheveux,2.17.0,cheuveux;long;court;perte;crâne;cuir chevelu
Chèvre,chevre,1.6.0;13.9.0,chèvre;animal
Chez un ami/famille,chez_un_ami_ou_de_la_famille,7.1.1;7.1.5;15.8.0,dors chez un ami;dors chez la famille
Chips,chips,1.5.0,chips;gras;gateaux salés;apéritif
CIDAG,cidag,14.1.0;2.21.0;2.19.0,CIDAG;centre de dépistage;Centre d'Information et de Dépistage Anonyme et Gratuit;maladie sexuellement transmissible;MST;SIDA;VIH;AIDS;HIV;Hépatite;séxualité;rapports exuels;protection;prévention
Cigarette,cigarette,2.3.0;13.3.6;17.0.0;13.3.0,cigarette;tabac;clope
5 sens,cinq_sens,2.14.0,cinq sens;sens;toucher;odorat;vue;goût;ouïe;5 sens
Citron,citron,1.1.0,citron;fruit;acide
Clémentine,clementine,1.1.0,clémentine;fruit
Colère,colere,2.10.0;13.2.0;12.3.0,émotion;mental;état;psychologie;sentiment;colère;énervement;rage
Nombre d'adultes,combien_d_adultes,12.2.0;13.8.0,adultes;nombres;combien;frères;soeurs;famille
Nombre d'enfants,combien_d_enfants,12.2.0,enfants;nombres;combien;frères;soeurs;bébés;famille
Combien d'habitants,combien_d_habitants_dans_le_logement,7.1.5;13.8.0;15.1.0;12.2.0,nombre d'habitants;famille;combien;logement
Ressenti accouchement,comment_a_ete_vecu_l_accouchement,16.1.0;2.23.0,accouchement;émotion;vécu;femme;grossesse;bébé;accoucher
Compote,compote,1.4.0;18.1.0,compote;purée;fruits;texture 
Comptine,comptine,13.7.0;8.1.0;18.10.0;2.25.0,chanter;comptine;enfant;chanson
Concombre,concombre,1.1.0,concombre ; légumes
Confiture,confiture,1.1.0;1.5.0,confiture;sucre;tartines
Conseiller conjugual,conseiller_conjugal_famillial,14.2.0;15.5.0;15.6.0,conseillère conjuguale familiale;conseiller conjugual familial
Console de jeux,manette_de_console,13.3.0;7.1.2;8.1.0;13.3.5,enfant;jeux;console de jeux;écran;manette
Console de jeux portable,console_de_jeux,13.3.0;7.1.2;8.1.0;13.3.5,enfant;jeux;console de jeux;écran;portable
Consommation alcool,consommation_alcool,2.3.0;17.0.013.3.0,alcool;boire;danger;verre
Consommation tabac,consommation_de_tabac,2.3.017.0.0,tabac;cigarette;fumer;danger
Contacts au pays,contact_au_pays,15.1.0,contacts avec la famille au pays;famille restée au pays;parents;enfants;cousins;grand-parents;émigré;immigré;migrant
Content,content,2.10.0;13.2.0;12.3.0,émotion;content;satisfait; heureux
Sexualité,contraception,2.21.0,contraception;moyen de contraception
Corps femme de dos,corps_femme_dos,2.17.0,silhouette;femme;corps;entier;dos;arrière;fesses;fille
Corps femme de face,corps_femme_face,2.17.0,silhouette;femme;corps;entier;ventre;face;avant;fille
Corps homme de dos,corps_homme_dos,2.17.0,silhouette;homme;corps;entier;dos;arrière;fesses;garçon
Parties du corps,corps_homme_face,2.17.0,silhouette;homme;corps;entier;ventre;face;avant;garçon
Cosy bébé,cosy,13.3.1;18.5.0;2.9.0;13.3.0,enfant;siège auto;voyager;transporté
Cotons tiges,cotons_tiges,2.13.0;2.2.0;13.3.0;13.3.3,cotons tiges;oreilles;nettoyer;hygiène;cure-oreille;sebum
Couche pour bébé,couche_bebe,13.3.1;2.2.0;2.8.0;13.3.0,couche;enfant;bébé;excrément
Couche sale,couche_sale,2.2.0;13.3.3,pipi;faire caca;chier;urine;selles;bébé;enfant;nourisson;personne âgée ; vieux
Couper la nourriture,couper_les_aliments,13.7.0;5.1.0;20.2.0,Couper les aliments;découper
Couple,couple,12.2.0,deux parents;couple;marié;pacsé
Coupure cutanée,coupure,2.5.0;2.24.0,coupure cutanée;coupure superficiel;saignement 
Courgette,courgette,1.1.0,courgette;légumes
Courgette,courgette_2,1.1.0,courgette;légumes
Couteau,couteau,13.3.0;7.1.2;1.9.0;20.2.0,couteau;couverts;manger;repas;couper
Crèche,creche,18.3.0;7.2.0,crèche;garde d'enfant
Crèche,creche_2,18.3.0;7.2.0,crèche;garde d'enfant
Crevette,crevette_fruits_de_mer,1.6.0;13.9.0,crevette;poisson;crustacés
Croix rouge,croix_rouge_francaise,14.1.0;14.2.0;15.5.0;15.6.0,aide humanitaire;médecin;médicament;première nécessité;migrant;sans papier;demandeur d'asile;secours;guerre;conflit
Cuillère,cuillere,13.3.0;7.1.2;1.9.0;20.2.0,cuillère;enfant;manger;couvert;repas
Dosage médicament,cuillere_doseuse_medicament,2.1.0;13.3.1;13.3.0,médicament;dosage;cuillère;mesurer;quantité
Cuisinière,cuisiniere,13.3.0;7.1.2;1.9.0;20.2.0;13.3.4,cuisinière;cuisiner;cuisine;chauffer;plat;four;plaque de cuisson; manger
Culotte,culotte,13.3.2;13.3.5;13.3.4;13.3.0;13.3.0,slip;boxer;femme;fille;adolescente;string;tanga;vêtement;habit;s'habiller
Dans la rue,dormir_dans_la_rue,7.1.1;7.1.5;15.8.0,sans domicile fixe;sdf;dormir dans la rue
Dans un squat,dans_un_squat,7.1.1;7.1.5;15.8.0,sans domicile fixe;squat;dors dans la rue
Abondance des règles,date_dernieres_regles,2.20.0;16.3.0,règles;menstruations
Déambulateur,deambulateur,19.3.0;20.3.0;13.3.9;13.3.0,déambulateur;aide pour se déplacer
Déclaration de grossesse,declaration_de_grossesse,2.22.0;16.4.0;16.1.0;2.23.0;3.5.0;14.1.0,enceinte;accouchement;enfant
Décrocher,decrocher_le_telephone,13.7.0;5.1.0,bouton;sonnerie;alarme;décrocher;répondre;prendre un appel;raccrocher;téléphone;portable;ligne téléphonique;appeler;joindre;téléphoner
Déguisement,deguisement,2.25.0;8.1.0;13.3.1,loisirs;jeux;actvités;déguisements;enfant;jeux de rôles
Délire et hallucination,delire_hallucination,2.10.0;13.2.0;12.3.0,délire;hallucination;psychose;schizophrénie;psychopathologie;démence;psychologie;maladie;handicap
Démarche dématérialisée,demarches_dematierialisees,15.3.0;3.0.0,démarche;démarche en ligne;formulaire en ligne;dématérialisation;dématerialisé;électronique;numériser;scanner;ordinateur;internet;web;papiers;document;papier administratif;pièce administrative
Démenagement,demenagement,7.1.0;13.7.0,partir;emménager;déménager;camion;cartons : logement
Dents,dent,2.17.0;2.28.0;2.6.0,dents;dentiste;carries;brosse à dents;bouche
Dent cassée,dent_cassee,2.28.0;2.6.0,dents cassée;dentition;dentiste;douleurs
Dentier,dentier,13.3.3;2.2.0;13.3.0,dent;dentition;vieux;personne âgée;dentier
Dentifrice,dentifrice,2.2.0;13.3.0;13.3.0,dentifrice;dents;nettoyer;hygiène;brosse à dent;brossage;dentiste
Dentiste,dentiste,14.1.0;2.19.0;12.3.0,dentiste;dents;carries
Dentition bonne,dentition_bonne,2.28.0,dents;dentition bonne;dentiste 
Dents sales,dents_sales,2.28.0,dents sales;dentition;dentiste;carries 
Dépression,depression,2.10.0;13.2.0;12.3.0,dépression;bipolarité;déprime;burn out;malade;maladie;arrêt de travail;moral
Déprime,deprime,2.10.0;13.2.0;12.3.0,émotion;dépression ;sentiment;déprime;idées noires;pensées;mental;état;psychologie
Dermatologue,dermatologue,14.1.0;2.19.0;12.3.0,dermatologue;peau;irritations;médecin
Dessiner,dessiner,13.7.0;8.1.0;18.10.0;2.25.0,dessin;peinture;crayon;coloriage
Dessiner et peindre,dessiner_et_peindre,8.1.0,dessiner;dessin;coloriage;papier;crayon
Divorce,divorce,12.2.0,se séparer;séparation;couple;rupture;famille;mariage;PACS
Doigts,doigts,2.17.0,doigts;bagues;doigt
Doliprane liquide,doliprane_liquide,2.1.0,médicament;doliprane;sirop;liquide
Dollars,dollars,15.5.0;3.2.0;10.0.0,argent;payer;mode de paiement;billets;pièces;liquide;dollar;cash;étranger
Précarité,dormir_dans_la_rue,15.8.0;7.1.1,femme;fille;dos; épaule;colonne 
Dos femme,dos_femme,2.17.0,homme;garçon;dos; épaule;colonne 
Dos homme,dos_homme,2.17.0,douche;se laver
Douche,douche,13.3.3;2.2.0;13.3.0,douche;se laver
Douleur aux dents,douleur_aux_dents,2.17.0;2.28.0;2.6.0,douleur;dents;dentiste;carrie
Douleur aux dents,douleur_aux_dents_2,2.17.0;2.28.0;2.6.0,douleur;dents;dentiste;carrie
Douleur aux gencives,douleur_aux_gencives,2.17.0;2.28.0;2.6.0,dentition;mal aux dents;gencive;dentiste;carie
Douleur aux oreilles,douleur_aux_oreilles,2.17.0;2.13.0;2.6.0,douleurs;oreilles;audition;son : ouïe
Douleur aux yeux,douleur_aux_yeux,2.17.0;2.13.0;2.6.0,douleur;yeux;oeil;vision;vue
Douleur au sein,douleur_teton,2.6.0;16.2.0,bébé;sein;douleur au sein;allaitement
Douleur femme enceinte,douleurs_femme_enceinte,2.22.0;16.4.0;16.1.0;2.23.0;2.6.0,douleur;ventre;enceinte;contractions;foetus 
Drogue dure,drogue_dure,2.3.0;17.0.013.3.0,drogue;toxicomanie;cocaïne;héroïne;ecstasy;crack;ghb;addiction;drogué;junky
Eau bouteille,eau_en_bouteille,1.7.0,eau;bouteille;evian
Bien-être,echelle_de_bien_etre,13.2.0;13.8.0,émotion;mental;état;psychologie;sentiment;peur;anxiété;effrayé;stressé;sueur
Échelle numérique,echelle_numerique,13.8.0,échelle;numérique;nombre;douleur;auto-évaluation
Échographie Stade 1,echographie_stade_1,2.22.0;16.4.0;16.1.0;2.23.0;13.8.0,enfant;foetus;maman;enceinte;examen médical;gynécologue
Échographie Stade 2,echographie_stade_2,2.22.0;16.4.0;16.1.0;2.23.0;13.8.0,enfant;foetus;maman;enceinte;examen médical;gynécologue
Échographie Stade 3,echographie_stade_3,2.22.0;16.4.0;16.1.0;2.23.0;13.8.0,enfant;foetus;maman;enceinte;examen médical;gynécologue
Écouter de la musique,ecouter_de_la_musique,8.1.0;13.7.0,musique;son;écouter;casque audio
Télévision,ecran,13.3.0;7.1.2;8.1.0;13.3.0;13.3.5,écran;télévision;ordinateur
Écrire / Écriture,ecrire,13.7.0;8.1.0;18.10.0;2.25.0,écrire;écriture;crayon;stylo;papier
Écrivain public,ecrivain_public,12.1.0;14.2.0;14.3.0;14.6.0;15.3.0;15.4.0;15.5.0,écrire;lettre;courrier;papier administratif;sans papier;demandeur d'asile;sans domicile fixe;SDF;allophone;ne parle pas français
Eczéma,eczema,2.5.0;18.4.0;18.6.0,eczéma;boutons;irritation
EHPAD,ehpad,14.1.0;14.2.0;2.19.0,Hôpital;clinique;centre hospitalier;personne âgée;vieux;dépendant
Emmaüs,emmaus,14.2.0;15.5.0;15.6.0,première nécessité;aide;association;abbé pierre;vếtements;meubles;sans papier;demandeur d'asile;sans domicile fixe;SDF
Endormir bébé,endormir_bebe,13.7.0;2.9.0;18.10.0,dodo;enfant;soir;nuit;se reposer;berceuse;comptine;bercer;fatigue
,enfance_en_danger,2.24.0,violence
Enfant,enfant,12.1.0;12.2.0;18.0.0,enfant;bébé;jeune;fille;garçon
Enfant mange seul,enfant_qui_mange_seul,1.4.0;18.1.0,enfant;manger seul;se nourrir;cuillère;fourchette;autonomie
Enfant regarde TV,enfant_qui_regarde_la_television,17.0.0;13.7.0;18.9.0,télévision;enfant;écran
Enfant qui vomit,enfant_qui_vomit,2.8.0,
Enfant témoin de violence,enfant_temoin_de_violence,2.24.0,violence
Enfants au pays,enfants_restees_au_pays,15.1.0,enfants restés au pays;migrant;immigré;émigré;famille;parents
Entend bien,entendre_bien,2.13.0;2.30.0,entendre;écoute;oreille;son;entend bien;bonne audition;auditive
Entend mal,entendre_mal,2.13.0;2.30.0,entendre;écoute;oreille;son;entend mal;mauvaise audition;acouphène;auditive
Eosine,eosine,2.1.0,éosine;flacon;rouge;désinfecter
Épicerie sociale,epicerie_sociale,14.3.0;15.4.0;1.3.0,première nécessité;aide;se nourrir;aliment;sans papier;demandeur d'asile;sans domicile fixe;SDF
Escalier,escalier,13.3.0;7.1.2;13.3.0,escalier;marches
Eté,ete,13.4.0,saison;été;calendrier;vacances
Éteindre la lumière,eteindre_la_lumiere,13.7.0;2.9.0;18.10.0,lumière;chambre;veilleuse;éteindre;noir
Europe,europe,13.1.0,Europe;UE;continent;territoire;pays;origine
Euros,euros,10.0.0;13.3.6;15.5.0;15.4.0;13.3.0,finance;monnaie;euros;devises;argent;payer;mode de paiement;billets;pièces;liquide;euros;cash
Évier,evier,13.3.3;2.2.0;13.3.0,évier;boire;se laver
Faire le ménage,faire_le_menage,13.7.0;5.1.0;7.1.3;7.5.0,ménage;nettoyage;propreté;activité domestique;aspirateur;produits ménagers
Faire ses courses,faire_ses_courses,13.7.0;5.1.0,courses;activité domestique;produits alimentaires;caddie
Famille nucléaire,famille,12.2.0,tante;oncle;grand père;grand mère;grand parent;cousin;cousine;beau père;belle mère;famille;famille élargie;famille adoptive;famille monoparentale;famille recomposée;parent;individu;personne;famille nucléaire;plusieurs parents
Famille adoptive,famille_adoptive,12.2.0,famille adoptive;parents adoptifs;mère adoptive;père adoptif;famille;enfant placé;orphelin;père;mère;parent;individu;personne;enfant
Famille élargie,famille_elargie,12.2.0,tante;oncle;grand père;grand mère;grand parent;cousin;cousine;beau père;belle mère;famille;famille élargie;parent;individu;enfant;personne;plusieurs parents
Famille monoparentale,famille_monoparentale,12.2.0,un seul parent;père;mère;famille;famille monoparentale;parent;individu;personne;enfant
Famille recomposée,famille_recomposee,12.2.0,beau-père;belle-mère;famille recomposée;famille;nouvel union;père;mère;parent;individu;personne;enfant
Famille au pays,famille_restee_au_pays,15.1.0,famille;père;éloignée;migrant;demandeur d'asile;expatrié;immigré;émigré;mère;parent;individu;personne;enfant;famille restée au pays
Fatigue,fatigue_mentale,2.10.0;13.2.0;12.3.0,fatigue;émotion;état;repos;sentiment
Fatigue,fatigue_physique,2.10.0;13.2.0;12.3.0,émotion;mental;état;psychologie;sentiment;fatigue;épuisement
Fauteuil roulant éléctrique,fauteuil_roulant_electrique,19.3.0;20.3.0;13.3.9;13.3.0,fauteuil roulant;fauteuil roulant électrique
Fauteuil roulant manuel,fauteuil_roulant_manuel,19.3.0;20.3.0;13.3.9;13.3.0,fauteuil roulant;fauteuil roulant manuel
Femme adulte,femme_adulte,12.1.0;12.2.0;16.0.0,femme;adulte;fille;féminin;sexe;genre
Personne âgée Femme,femme_agee,12.1.0;12.2.0;16.0.0;20.0.0,femme;agée;retraitée;féminin;sexe;genre;vieille
Grossesse,femme_enceinte,2.22.0;16.4.0;16.1.0;2.23.0;2.17.0;12.1.0,corps;femme;enceinte
Fenêtre ouverte,fenetre_ouverte,7.1.2;18.9.0;2.29.0,fenêtre;aérer;air;respirer;danger
Fermeture éclair,fermeture_eclair,13.3.8,fermeture;fermer;blouson;jean;veste;zip;sac
Fiche de paie,fiche_de_paie,3.2.0;15.3.0,fiche de salaire;paye;fiche de paie;argent;salaire
Flacon vide,flacon_vide,13.3.6;13.3.0,flacon;vide;fiolle;bouteille;hygiène
Forme des selles,forme_des_selles,2.8.0,selles;forme des selles;caca;texture
Forum réfugiés,forum_refugies,15.3.0;14.2.0,immigrant;migrant;immigré;immigration;exil;s'enfuir;passeur;fuir ; sans papier;demandeur d'asile;réfugié
Fourchette,fourchette,13.3.0;7.1.2;1.9.0;19.1.0;20.2.0,fourchette;couverts;manger;repas
Fraise,fraise,1.1.0,fraise;fruit
Fréquence lavage cheveux,frequence_cheveux,2.2.0;13.8.0,hygiène;soins;bains;se laver;fréquence
Fréquence consultation,frequence_de_consultation_medecin,13.8.0;2.19.0,consultation médicale;fréquence;rendez-vous;médecin
Fréquence hygiène,frequence_douche,2.2.0;13.8.0,hygiène;soins;bains;se laver;fréquence
Fréquence sexualité,frequence_rapports_sexuels,2.21.0,rapport sexuel;sexualité;faire l'amour
Fréquence d'utilisation écrans,frequence_utilisation_écran,17.0.0,télévision;écran;fréquence utilisation
Fréquence d'utilisation TV,frequence_utilisation_television,17.0.0,télévision;écran;fréquence utilisation
Frites,frites,1.5.0,frites;pomme de terre;gras
Fromage,fromage,1.5.0;1.2.0,fromage;laitage
Fromage de chèvre,fromage_de_chevre,1.5.0;1.2.0,fromage;chèvre;intolérance ;
Fromage de vache,fromage_de_vache,1.5.0;1.2.0,fromage;laitage;vache;gruyère
Fruits à coque,fruits_a_coque,1.1.0,coque;fruits à coques;noix;noisette;amande
Mode de garde,garde_par_un_proche,7.2.0;18.3.0;12.2.0,nounou;garder;enfants;surveiller;grands parents;proches;parents
Gigoteuse,gigoteuse,18.8.0;2.16.0;2.9.0,pyjama;gigoteuse
Goût bouche,gout_bouche,2.14.0,bouche;manger;palet;goût;langue
Goût visage,gout_visage,2.14.0,bouche;manger;goût;partie;zone;visage
Grossesse désirée 2,grossesse_desiree_emotions,2.22.0;16.4.0;16.1.0;2.23.0;13.2.0,Grossesse désirée;enceinte
,grossesse_desiree_test,2.22.0;16.4.0;16.1.0;2.23.0;13.2.0,Grossesse désirée;enceinte;test de grossesse
Grossesse non désirée,grossesse_non_desiree,2.22.0;16.4.0;16.1.0;2.23.0;13.2.0,Grossesse non désirée;enceinte
Grossesse non désirée 2,grossesse_non_desiree_test,2.22.0;16.4.0;16.1.0;2.23.0;13.2.0,Grossesse non désirée;enceinte;test de grossesse
Guêpe,guepe,13.9.0,insecte;piqûre;guêpe
Guerre,guerre,2.24.0;15.2.0,guerre;conflit;violence
Gynécologue,gynecologue,2.19.0;16.4.0;16.1.0;2.22.0;2.23.0,gynécologue;médecin;suivi;hopital
Habite en caravane,habite_caravane,7.1.1;7.1.5;15.8.0,tente;habitat;logement;maison;abri
Aveugle,handicap_physique_aveugle,2.17.0;2.27.0;12.1.0,handicap;yeux;oeil;aveugle;vue;perte;déficience visuel
Handicap en fauteuil,handicap_physique_fauteuil,2.17.0;2.27.0;12.1.0,handicap;psychique;mental;tête 
Handicap Manque un membre,handicap_physique_manque_un_membre,2.17.0;2.27.0;12.1.0,handicap;corporel;membre absent;amputé
Harnais bébé,harnais_problemes_hanches_bebe,18.4.0;2.25.0,transporter;enfant;hanche;bassin
Haut du corps femme,haut_du_corps_femme,2.17.0,femme;haut du corps;poitrine;épaules;fille;bras;ventre
Haut du corps homme,haut_du_corps_homme,2.17.0,homme;garçon;haut du corps;pectoraux;épaules;bras;ventre
Hauteur du lit,hauteur_du_lit,7.1.2;18.10.0;2.9.0,lit;hauteur;taille;dimensions;petit;grand;couchage
Hébergement précaire/temporaire,hebergement_precaire_temporaire,7.1.1;15.8.0,hébergement;abris;tente;maison;toit;précaire;temporaire;accueil
Hiver,hiver,13.4.0,saison;hiver;calendrier;noël
Homme adulte,homme_adulte,12.1.0;12.2.0,homme;adulte;garçon;masculin;sexe;genre
Personne âgée Homme,homme_age,12.1.0;12.2.020.0.0,homme;agé;retraité;masculin;sexe;genre;vieux
Hôpital,hopital,14.1.0;2.19.0,Hôpital;clinique;centre hospitalier
Hospitalisé à domicile,hospitalise_domicile,2.23.0,ambulatoire;malade;opération chirurgicale;perfusion;lit médical;infirmière
Hospitalisé à l'hôpital,hospitalise_hopital,16.1.0;2.23.0,malade;opéré;opération chirurgicale;accouchement;problème de santé;AVC;arrêt cardiaque;jambe cassée;bras cassée;chûte;médecin;infirmière;perfusion
Habite à l'hôtel,hotel,7.1.1;7.1.5;15.8.0;15.5.0,logement;nuitée;nuit;habiter
Humidité,humidite,2.5.0;13.9.0;7.1.3,Logement;insalubrité
Implant contraceptif,implant_contraceptif,2.21.0,contraception;moyen de contraception;implant contraceptif
Individu,individus,12.1.0;12.2.0,homme;femme;enfant;nourisson;bébé;personne âgée;vieille;vieux;adolescent
Infirmier,infirmier,14.1.0;2.19.0;12.3.0;12.1.0,infirmière;soin;pansement;piqûre;seringue;toilettes;à domicile;santé;infirmier;médical
Infirmier,infirmier_2,14.1.0;2.19.0;12.3.0;12.1.0,infirmière;soin;pansement;piqûre;seringue;toilettes;à domicile;santé;infirmier;médical
Insalubrité électricité,insalubrite_electrique,15.8.0;7.1.3;7.1.4,Logement;insalubrité;électricité
Insomnie,insomnie,2.9.0,insomnie;ne pas dormir
Dispute,insultes,2.24.0;15.2.0,violence;insulte;dispute;cri
J'ai rendez-vous,j_ai_rdv,6.1.0,rendez-vous;horaire;agenda;planning;rencontre;recevoir;reçu
Jambes femme,jambes_femme,2.17.0,femme;fille;jambes;cuisses;mollets;genoux;marcher
Jambes homme,jambes_homme,2.17.0,homme;garçon;jambes;cuisses;mollets;genoux;marcher
Jardiner,jardiner,8.1.0;13.7.0,nature;légumes;fruits;cultiver;terre;se nourrir;manger
Je souhaite un rendez-vous,je_desire_un_rdv,6.1.0,rendez-vous;horaire;agenda;planning;rencontre;recevoir;reçu
Jeu d'assemblage,jeu_d_assemblage,13.3.1;2.25.0;8.1.0,jeu d'assemblage;enfant;emboiter;préhension
Jeux,jeux_addiction,2.3.0, jeu vidéo;game
Jeux enfant 18/36 mois,jeux_dix_huit_mois_a_trois_ans,2.25.0;8.1.0;13.3.1;13.3.0,loisirs;jeux;activités;jeux 18 - 36 mois;bébé;enfant
Jeux nourisson,jeux_naissance_a_trois_mois,2.25.0;8.1.0;13.3.1;13.3.0,loisirs;jeux;activités;jeux naissance;bébé;nourrisson
Jeux bébé 9 18 mois,jeux_neuf_a_dix_huit_mois,2.25.0;8.1.0;13.3.1;13.3.0,loisirs;jeux;activités;jeux 9-18 mois;bébé
Jeux bébé 3 6 mois,jeux_trois_a_neuf_mois,2.25.0;8.1.0;13.3.1;13.3.0,loisirs;jeux;activités;jeux 3-9 mois;bébé
Jeux 3 ans et plus,jeux_trois_ans_et_plus,2.25.0;8.1.0;13.3.1;13.3.0,loisirs;jeux;activités;jeux plus de 3 ans ; enfant
Jouer aux cartes,jouer_aux_cartes,8.1.0,jeu;s'amuser;cartes à jouer;bataille;belote;coinche
Jouer aux jeux de société,jouer_jeux_societe,8.1.0;2.25.0,jeu;ensemble;s'amuser;monopoly;trivial pursuit;puissance 4;mastermind;quizz
Jouet voiture bébé,jouet_voiture_bebe,13.3.1;2.25.0;8.1.0;13.3.0,jouet;jeux;loisir;ludique;enfant;bébé;motricité
Jours anglais,jours_de_la_semaine_en_anglais,13.6.0,semaine;jours;week-end;hebdomadaire ; anglais
Jours français,jours_de_la_semaine_en_francais,13.6.0;13.8.0,semaine;jours;lundi;mardi;mercredi;jeudi;vendredi;samedi;dimanche;week-end;hebdomadaire
Justificatif de logement,justificatif_de_logement,15.3.0;3.6.0,Justificatif de logement;justificatif de domicile;attestation de logement;attestation de domicile;facture de gaz;facture d'électricité;facture d'eau;facture de téléphone
Facture Eau,justificatif_de_logement_eau,3.6.0;15.3.0,eau;logement;papier;justificatif;adresse;facture
Facture Téléphone,justificatif_de_logement_telephone,15.3.0;3.6.0,téléphone;facture;portable;justificatif;logement;adresse
Kinésithérapeute,kinesitherapeuthe,14.1.0;2.19.0;12.3.0,kinésithérapeute;massage;médecin
Aimer manger,la_personne_aime_t_elle_manger,1.9.0;13.6.0;17.0.0;18.1.0,repas;manger;aimer;glouton;obèse
Manger suffisament,la_personne_mange_t_elle_sufisament,1.9.0;13.6.0;17.0.0,repas;manger;quantité
Laboratoire d'analyse,laboratoire_d_analyse_medicale,14.1.0;2.19.0,Laboratoire d'analyse;Analyse médicale;Laboratoire
Lait,lait,1.7.0;1.2.0,lait;laitage;lactose
Lait d'avoine,lait_avoine,1.7.0;1.2.0;1.8.0,lait;laitage;lait végétal;avoine;lait d'avoine;allergie;intolérance;lactose
Lait de coco,lait_coco,1.7.0;1.2.0,lait;laitage;lait végétal;coco;lait de coco;noix de coco;allergie;intolérance;lactose
Lait d'amande,lait_d_amande,1.7.0;1.2.0,lait;laitage;lait végétal;amande;allergie;intolérance;lactose
Lait de soja,lait_de_soja,1.7.0;1.2.0,lait;laitage;lait végétal;soja;lait de soja;allergie;intolérance;lactose
Lait de vache,lait_de_vache,1.2.0,lait;laitage;lait de vache;vache;lactose
Lait de vache ou lait de chèvre,lait_de_vache_ou_chevre,1.7.0;1.2.0,lait;laitage;lait de vache;lait de chèvre;lactose
Lait en poudre,lait_poudre,1.7.0;1.2.0;18.1.0,lait en poudre;préparation pour nourisson;poudre;biberon
Lait végétal,lait_vegetal,1.7.0;1.2.0,lait;laitage;lait végétal;végétal;allergie;intolérance;lactose
Landeau,landeau,13.3.1;18.5.0;2.9.0;13.3.0,cosy;landau;transport : voiture;siège auto;poussette;bébé
Bonjour autres langues,langue_parlee,13.1.0;13.6.0,langue;échanger;traduction;discuter;pays;communiquer
Se laver le bas du corps,laver_bas_corps,2.2.0;13.7.0,hygiène;nettoyer;propre;savon;shampoing;cheveux;douche;baignoire;lavabo
Se laver le haut du corps,laver_haut_corps,2.2.0;2.17.0;13.7.0,hygiène;nettoyer;propre;savon;gant;shampoing;cheveux;douche;baignoire;lavabo
Laver son linge,laver_son_linge,13.7.0;5.1.0;7.5.0,laver son linge;activité domestique; faire sa lessive;machine à laver;lave-linge;vêtements;propres
Lecture,lecture,13.7.0;8.1.0;18.10.0;2.25.0,lecture;livre;magazine;roman;lire
Restos du coeur,les_restaurants_du_coeur,14.3.0;15.4.0;1.3.0,première nécessité;aide;association;coluche;repas;manger;se nourrir;sans papier;demandeur d'asile;sans domicile fixe;SDF
Médicament levure,levure_medicament,2.1.0,médicament;levure;sachet;dissoudre;verre d'eau
Ligature des trompes,ligature_des_trompes,2.21.0,contraception;pas d'enfant;opération chirurgicale;femme;sexualité
Lingettes,lingettes,2.2.0;13.3.0;13.3.3,hygiène;bébé;nettoyer;humide;lingette;couche;toilette
Lit bébé à grillage,lit_bebe_grillage_barreaux,2.29.0;13.3.1;2.9.0;18.9.0,dormir;couchage;enfant;grille;matelas;sommier;sieste
Lit bébé pas encombré ,lit_bebe_pas_encombre,18.9.0;18.10.0;2.9.0;17.0.0;2.29.0;18.9.0,dormir;couchage;enfant;sieste
Lit double,lit_double,13.3.0;7.1.2;2.9.0;13.3.4,lit double;dormir;allonger;coucher;sommeil;couple
Lit simple,lit_simple,13.3.0;7.1.2;18.10.0;2.9.0;13.3.4,lit simple;dormir;allonger;coucher;sommeil; enfant
Livret de famille,livret_de_famille,3.3.0;15.3.0;12.2.0,livret de famille;document;papier;famille;enfants;mariage;divorce;papier administratif;pièce administrative
Locataire,locataire,7.1.1;3.6.0;15.5.0,locataire;louer;logement;maison;habitat;clés
Travaux du logement,logement_en_travaux,7.1.5;7.1.3;2.2.0;13.7.0,Logement en travaux
Logement encombré,logement_encombre,7.1.5;13.3.3;2.2.0,maison;immeuble;cartons;bazar;bordel;entassé;entasser;ranger;habiter;lieu de vie
Logement propre,logement_propre,13.3.6;7.1.5,maison;logement;nettoyage;ménage;rangement;propreté;sain
Logement rangé,logement_range,7.1.5,maison;immeuble;ranger;habiter;lieu de vie;propre
Logement sale,logement_sale,7.1.5;13.3.3;2.2.0,maison;logement;nettoyage;ménage;saleté;bazard;rangement
Ludothèque,ludotheque,8.2.0,loisirs;activités;enfants;lieux;sortie ;livre;lecture;ludothèque;jeux;bibliothèque
Lunettes,lunettes_pas_de_lunettes,2.13.0,lunettes;vue
Mains,mains,2.17.0;2.14.0;2.13.0,mains;doigts;toucher
Mairie,mairie,14.5.0,Mairie;Hôtel de Ville : Préfecture
Maïs,mais,1.8.0,maïs;féculents
Maison de la Métropole de Lyon,metropole_de_lyon,4.1.0;14.7.0;4.1.0;15.5.0;19.2.0;20.1.0,MDM;maison de la métropole;PMI;MDMPH;démarche;aide;Métropole;Lyon
MJC,maison_des_jeunes_et_de_la_culture_mjc,20.0.0,MJC;maison des jeunes et de la culture
maman,maman,12.1.0;12.2.0;16.0.0;18.0.0,mère;parent;femme
Mandat SEPA,mandat_sepa,15.5.0;3.2.0;10.0.0,argent;payer;mode de paiement;mandat;RIB;SEPA; banque
Mandat SEPA,mandat_sepa_2,15.5.0;3.2.0;10.0.0,argent;payer;mode de paiement;mandat;RIB;SEPA; banque
Manette console de jeux,manette_de_console,13.3.0;7.1.2;8.1.0;13.3.5,jouer;vidéo;play;écran;playstation;xbox;jeu électronique;console;game;gamer;ordinateur
Manger mal,manger_salement_proprement,2.2.0,manger mal;se salir : manger salement
Mariage,mariage,12.2.0,divorce;amour;couple;se marier;PACS;union;famille;enfant;mairie;femme;mari;conjoint;conjointe;épouse;époux
Matelas,matelas,13.3.0;7.1.2;18.10.0;13.3.4,dormir;chambre à coucher;s'allonger;sieste
Matelas pas trop souple,matelas_pas_trop_souple,2.9.0,matelas;bébé;chambre bébé;souple;lit;dormir;couchage;sommeil;sommier
Matin après-midi soir,matin_apresm_soir,13.8.0,journée;période;quand;horaire
Médecin,medecin,14.1.0;2.19.0;12.3.0,médecin;hopital 
Médecins du monde,medecins_du_monde,14.1.0;2.19.0;15.5.0;15.6.0,aide humanitaire;médecin;médicament;première nécessité;migrant;sans papier;demandeur d'asile;secours;guerre;conflit;migrant;exil
Médiathèque,mediatheque,20.0.0,loisirs;activités;enfants;lieux;sortie ;livre;lecture;médiathèque;musique;vidéo;bibliothèque
Médiathèque,mediatheque,20.0.0,loisir;livres;bibliothèque;vidéothèque;lecteur;lire;emprunter;consulter;bibliothécaire;documentaliste;catalogue
Médicament soluble,medicament_soluble,2.1.0,médicament;verre d'eau;avaler;soluble;se dissout
Médicaments,medicaments,2.1.0,médicaments;soigner;pilules
Melon,melon,1.1.0,melon;fruit
Ménopause,menopause,16.3.0;2.20.0,vieillesse;femme;menstruation;règles;bouffées de chaleur;hormones;cycle féminin
Mère et bébé,mere_bebe,12.1.0;12.2.0;16.0.0;18.0.0,maternité;enceinte;accoucher;attachement;maternel
Métier intellectuel,metier_intellectuel,"7,3,0;12.3.0",métier;profession;cadre;ingénieur;emploi;travail
Métier manuel,metier_manuel,"7,3,0;12.3.0",métier;profession;ouvrier;emploi;travail
Métro,metro,7.4.013.3.7;13.3.0,transport;collectif;se déplacer;trajet;voyager;souterrain;tunnel;rame;tcl;ratp
Métropole de Lyon,metropole_de_lyon,4.1.0;14.7.0;4.1.0;15.5.0;19.2.0;20.1.0,métropole;Lyon;collectivité;mairie
Mettre du collyre,mettre_collyre,2.13.0,yeux secs : lentilles de contact;sérum physiologique;lunettes;vue
Mettre la table,mettre_la_table,13.3.0;18.1.0;19.1.0;20.2.0;1.3.0;5.2.0,dresser;mettre la table;couvert;manger;repas
Arrivé en barque,migrant_barque,15.2.0;13.7.0;8.1.0,immigrant;migrant;immigré;immigration;exil;s'enfuir;passeur;fuir ; sans papier;demandeur d'asile;réfugié;rame;gilet de sauvetage;mer;frontière;couler;se noyer
Arrivé à la nage,migrant_nage,15.2.0;13.7.0;8.1.0,immigrant;migrant;immigré;immigration;exil;s'enfuir;passeur;fuir ; sans papier;demandeur d'asile;réfugié;nager;mer;gilet de sauvetage;couler;se noyer
Arrivé en zodiac,migrant_zodiac,15.2.0;13.7.0;8.1.0,immigrant;migrant;immigré;immigration;exil;s'enfuir;passeur;fuir ; sans papier;demandeur d'asile;réfugié;bâteau;barque;mer;gilet de sauvetage;frontière;couler;se noyer
Moto,moto,7.4.0;15.2.0;13.3.7;13.3.0,Moto;scooter;mobylette;deux roues
Mots du quotidien,mots_de_quotidien,2.25.0;13.7.0;2.25.0;18.7.0,mots quotidien;s'exprimer;mots simples
Mouchoirs,mouchoirs,2.2.0;13.3.0;13.3.0,mouchoirs;kleneex : se moucher;nez qui coule;hygiène;essuyer
Moustique,moustique,13.9.0;2.5.0,moustique;moustique tigre;piqûre
Mouton,mouton_brebis,1.6.0,mouton;animal
Maladies sexuellement transmissibles,mst,2.21.0,sexualité;contaception;maladie sexuellement transmissible;infection sexuellement transmissible;rapports sexuels;risque;hygiène;sida;hiv;vih;hépatite;papillomavirus;cancer col de l'utérus;syphillis
Ne parle pas,ne_parle_pas,13.7.0;2.25.0;18.7.0,muet;sourd;aphone;non verbal;phrase;parler;s'exprimer;discours;dialogue;son;verbe;mots;communiquer;discuter
Ne pas,ne_pas,13.6.0,refus;négatif;interdit;non;refuser;prohibé;ne pas
Lit bébé encombré ,ne_pas_encombrer_lit_bebe,18.9.0;18.10.0;2.9.0;17.0.0;2.29.0;18.9.0,dormir;couchage;enfant;sieste;bazar;dangereux
Neige,neige,13.5.0,temps;météo;neige; froid;hiver;montagne;gel;glace;glacé
Nez,nez,2.17.0;2.14.0;2.13.0,nez ; narines;odeur;odorat;se moucher
Nez,nez_sur_visage,2.17.0;2.14.0;2.13.0,visage;odorat;sentir
Noix de coco,noix_de_coco,1.1.0,noix de coco;fruit
Non,non,13.6.0,non;négatif;refus;s'exprimer
Nourisson,nourisson,12.1.0;12.2.0;18.0.0,bébé;nourrison
Nuage,nuageux,13.5.0,temps;météo;nuage
Océanie,oceanie,13.1.0,continent;territoire;pays;origine;océanie
Odorat,odorat_nez,2.14.0,odorat;nez;odeur;sentir;visage;sens;partie;zone;visage;narines
Odorat,odorat_visage,2.14.0,odorat;nez;odeur;sentir;visage;sens;partie;zone;visage
Œuf,oeuf,1.6.0,oeufs;protéines;poule
Ombre,ombre,17.0.0;18.9.0;2.29.0,soleil;noir;sombre;froid;projeter
Ongles,ongles,2.17.0,ongle;manucure;ongles
Orage,orage,13.5.0,temps;météo;orage;éclair;tonnerre
Orange,orange,1.1.0,orange;fruit
Ordinateur,ordinateur,2.3.0;13.3.5;17.0.0;13.3.0,Ordinateur;numérique;portable;informatique
Oreilles,oreilles,2.17.0;2.14.0;2.13.0,oreilles;écoute;ouîe;entendre;son;écouter
Orthophoniste,orthophoniste,14.1.0;2.19.0;12.3.0,orthophoniste;médecin;language;parler;prononcer;dys;bégailler;béguaillement
Os brisé,os_et_os_brise,2.17.0;2.6.0,os brisé;cassé;fracture;plâtre
Oui,oui,13.6.0,oui;positif;validation;s'exprimer
Ouïe oreille,ouie_oreille,2.14.0,oreilles;écoute;ouîe;entendre;son;écouter;lobe 
Ouïe visage,ouie_visage,2.14.0,oreilles;écoute;ouîe;entendre;son;écouter; visage;droite;gauche;partie;zone;visage
Ouvrir un contenant,ouvrir_un_contenant,13.7.0;5.1.0,ouvrir une boîte;enlever le couvercle;tupperware;bouteille
PACS,pacs,12.2.0,divorce;amour;couple;se marier;PACS;union;famille;enfant;mairie;femme;mari;conjoint;conjointe;épouse;époux
Pansement,pansement,2.5.0;13.3.6;2.1.0;13.3.0,pansements;bobo;blessure;saignement
Parc pour enfants,parc_jardin_pour_enfants,18.2.0;8.2.0;2.25.0,loisirs;jeux extérieur;activités;parc de jeux;jardin;enfants;lieux;balançoire;toboggan;sortie 
Parler,parler,13.7.0;2.25.0;18.7.0,parle;parler;dire des mots;prononcer
Pas content,pas_content,2.10.0;13.2.0;12.3.0,émotion;mécontent;insatisfait; pas content;malheureux
Pas d'écran,pas_d_ecrans,2.29.0,écran;téléphone;lumière;TV;portable;ordinateur;tablette;enfant;yeux;fatigue;lunettes
Pas de bonbon,pas_de_bonbon,17.0.0;1.5.0;18.9.0,pas de sucette;ne pas donner la sucette 
Pas de bonbon,pas_de_bonbon_2,18.9.0;2.29.0,confiserie;prévention;carie;dents;sucre;manger;goûter;gourmandise
Pas de tabac,pas_de_cigarette,2.3.0;17.0.0,ne pas fumer;pas de tabac
Pas de contraception,pas_de_contraception,2.21.0,pas de contraception
Chips,pas_de_nourriture_grasse,1.5.0,gâteau apéritif
Sans papier,pas_de_papier_officiel,12.1.0;12.2.0;15.1.0,sans papier;demandeur d'asile;migrant;étranger;immigré
Soda,pas_de_soda,1.7.0;1.5.0,coca cola;pepsi cola;orangina;schweppes;boisson sucrée;boisson gazeuze;sucre
Viennoiserie,pas_de_sucre,1.5.0,dessert;petit-déjeuner;croissant;pain au chocolat;brioche;chou;chocolatine
Pas de tétine,pas_de_tetine,17.0.0;2.28.0;18.9.0,pas de sucette;ne pas donner la sucette
Pas de trotteur,pas_de_trotteur,17.0.0;18.9.0,trotteur;pied;debout;jambes;marcher;se déplacer;déplacement;bébé;enfant 
Passeport,passeport,3.3.0;15.3.0,passeport;nationalité;pays;document;étranger;immigré;papier administratif;pièce administrative
Pastèque,pasteque,1.1.0,pastèque;fruit
Patate douce,patate_douce,1.1.0,patate douce;féculents
Pâtes,pates,1.8.0,pâtes;féculents
Pédiatre,pediatre,14.1.0;2.19.0;12.3.0,pédiatre;médecin enfant;médical
Peigne et brosse,peigne_et_brosse,2.2.0;13.3.0;13.3.0,peigne;brosse à cheveux;coiffer;hygiène;cheveux
Peluche,peluche,2.25.0;8.1.0;13.3.1;13.3.0,peluche;doudou;bébé;enfant;objet transitionnel
Péridurale,peridurale,16.1.0;2.23.0,péridurale;accouchement;douleur;piqûre
Péridurale Femme enceinte,peridurale_femme_enceinte,16.1.0;2.23.0,accoucher;enceinte;péridurale;grossesse;sage-femme;bébé;naissance;piqûre;seringue;douleur
Périmètre cranien bébé,perimetre_cranien_bebe,18.4.0;18.6.0;2.17.0,tête;enfant;circonférence;mesure;santé
Périmètre de marche,perimetre_de_marche,13.7.0;20.4.0;19.4.0;5.1.0,marcher;se promener;déambuler;sortir dehors;bouger;s'aérer;personne âgée;handicap
Personne précaire,personne_en_situation_de_grande_precarite,12.1.0;12.2.0;15.1.0,personne précaire;situation;instable;emploi;santé;logement;sécurité
Sans papier 2,personne_sans_papier,12.1.0;12.2.0;15.1.0,sans papier;demandeur d'asile;migrant;étranger;immigré
Personnes âgées,personnes_agees,12.1.0;12.2.0;20.0.0,vieux;personne âgée;vieillesse;papi;mamie;grands-parents
Petit pot bébé,petit_pot_bebe,1.4.0;18.1.0,purée ; compote ; petit pot;pot
Petits frères des pauvres,petits_freres_des_pauvres,14.3.0;15.4.0;1.3.0,première nécessité;aide;association;vếtements;manger;se nourrir;demandeur d'asile;sans papier;sans domicile fixe;SDF;migrant
Petits pois,petits_pois,1.1.0,petit pois;légumes
Peur,peur_anxiete,2.10.0;13.2.0;12.3.0,émotion;mental;état;psychologie;sentiment;peur;anxiété;effrayé;stressé;sueur
Pieds femme,pieds_femme,2.17.0,femme;fille;pieds;orteils;talons;plante;marcher;cheville
Pieds homme,pieds_homme,2.17.0,homme;garçon;pieds;orteils;talons;plante;marcher;cheville
Pilule,pilule,2.21.0,pilule;contraception;pilule contraceptive;moyen de contraception
Pilulier,pilulier,13.3.1;20.5.0;2.1.0;13.3.0,médicament;vieux;traitement;médical;personne âgée;maladie;malade
Pipette médicament,pipette_doseur,2.1.0;13.3.1;13.3.0,pipette;médicament
Piscine municipale,piscine_municipale,20.0.0,nager;se baigner;s'amuser;loisir;brasse;crawl;papillon;maillot de bain;serviette de bain;bonnet de bain;douche
Planisphère,planisphere,13.1.0,carthographie;parcours;migration;étapes;pays origine;émigration;planète;monde;globe
Planisphère drapeaux,planisphere_avec_drapeaux,13.1.0;15.2.0,carthographie;parcours;migration;étapes;pays origine;émigration;planète;monde;globe
Planning familial,planning_familial,2.21.0;14.1.0;14.2.0,CPEF;planning familial;grossesse;sexualité;éducation;prévention;jeunes;adolescent
Pleurs bébé,pleurs_bebe,13.2.0,pleurs;bébé;tristesse;larmes
Pluie,pluie,13.5.0,temps;météo;pluie 
Protection Maternelle Infantile,pmi,14.7.0,PMI;protection maternelle infantile;consultation médicale
Protection Maternelle Infantile,pmi_2,14.7.0,consultation;mère;enfant;bébé;puéricultrice;prévention;malade;grossesse;enceinte;infirmière;métropole de lyon
Poids naissance bébé,poids_naissance_bebe,2.16.0;2.9.0,enfant;peser;kilogramme;gramme;santé;médical;nourisson;accouchement
Point d'interrogation,point_d_interrogation,13.6.0,s'exprimer;question;interrogation
Poire,poire,1.1.0,poire;fruit
Poireau,poireau,1.1.0,poireau;légumes
Poisson,poisson,1.6.0;13.9.0,poisson;protéines;saumon
Poivron,poivrons_rouge_vert_jaune,1.1.0,poivron;légumes
Police,police,14.5.0;2.18.0,police;policier;flic;gendarme;gendarmerie
Pommade,pommade,2.1.0;2.5.0;13.3.0,pommade;tube;appliquer;peau
Pomme,pomme,1.1.0,pomme;fruit
Pomme de terre,pomme_de_terre,1.6.0,pomme de terre;patates;féculents
Pompier,pompier,14.5.0;2.18.0,Pompier;urgence;feu 
Porno,porno,2.21.0;17.0.0,Porno;pornographie;film X;sexualité
Portage de repas,portage_de_repas,13.7.0;5.1.0;1.9.0,Se faire livrer;repas à domicile
Porter un appareil auditif,porter_appareil_auditif,2.13.0;13.3.0,audition;entendre;perte de fréquences;malentendant;oreille;écouter
Porter à la bouche,porter_la_fourchette_a_la_bouche,13.7.0;5.1.0;1.9.0,Porter la fourchette à la bouche
Positif/Autoriser,positif_autorise,13.6.0,accepter;positif;autoriser;valider;s'exprimer 
Assis,position_assise,18.6.0;19.2.0;20.1.0,position;assise;assis;chaise;asseoir;repos
Couché,position_couchee,18.6.0;19.2.0;20.1.0,position;allongée;couchée;repos
Debout,position_debout,18.6.0;19.2.0;20.1.0,position;debout;lever;droit;statique;bouger
Poubelle,poubelle,13.3.0;7.1.2;2.2.0;13.3.0,poubelle;déchets;jeter
Poumons bébé,poumons_bebe,2.17.0;18.6.0,poumons;bébé;respiration;toux;resprirer;torse
Poussette,poussette,13.3.1;18.5.0;2.9.0;13.3.0,poussette;bébé;enfant;transport;balade;promenade 
Poux,poux,13.9.0;2.5.0,poux;se gratter la tête
Poux,poux_cheveux,2.2.0;2.5.0,hygiène;soins;bains;se laver;fréquence
Préfecture,prefecture,14.5.0,Préfecture
Préhension,prehension,13.7.0,attraper;préhension;mains
Préservatif,preservatif,2.21.0,contraception;moyen de contraception;préservatif
Printemps,printemps,13.4.0,saison;printemps;calendrier
Prise de sang adulte,prise_de_sang_adulte,2.1.0;2.30.0,Prise de sang
Prise de sang enfant,prise_de_sang_enfant,18.4.0;2.1.0,prise de sang;piqûre;enfant
Prise de tension,prise_de_tension,2.1.0;2.30.0,tension;prise de tension;bras
Prison,prison,2.24.0;14.8.0;15.2.0,prison;détention;bloquer;délit;enfermer
,produits_toxiques,13.3.6;2.29.0;17.0.0;18.9.0;13.3.0,toxique;produit toxique;danger;produits ménagers
Propriétaire,proprietaire,7.1.1;3.6.0;10.0.0;3.2.0,propriétaire;logement;maison;habitat;clés 
Prostitution,prostitution,2.24.0;15.2.0,viol;pute;prostituée;proxénète;illégal;réseau;mafia;sexualité;trafic;esclave;péripathéticienne
Culotte menstruelle,protection_culotte_menstruelle,16.3.0;2.20.0;2.21.0;2.2.0;13.3.0,protection menstruelle;protection hygiènique;culotte menstruelle
Cup hygiénique,protection_cup,16.3.0;2.20.0;2.21.0;2.2.0;13.3.0,protection menstruelle;protection hygiènique;cup
Cup hygiénique,protection_cup_sang,16.3.0;2.20.0;2.21.0;2.2.0,protection menstruelle;protection hygiènique;cup
Serviette hygiénique,protection_serviette_hygienique,16.3.0;2.20.0;2.21.0;2.2.0;13.3.0,protection menstruelle;protection hygiènique;serviette hygiénique
Serviette hygiénique,protection_serviette_hygienique_sang,16.3.0;2.20.0;2.21.0;2.2.0,protection menstruelle;protection hygiènique;serviette hygiénique
Tampon hygénique,protection_tampon,16.3.0;2.20.0;2.21.0;2.2.0;13.3.0,protection menstruelle;protection hygiènique;culotte menstruelle
Tampon hygénique 2,protection_tampon_sang,16.3.0;2.20.0;2.21.0;2.2.0,protection menstruelle;protection hygiènique;culotte menstruelle
Protection urinaire adulte,protection_urinaire_adulte,13.3.3;2.2.0;20.3.0;19.3.0;13.3.0,couche;faire pipi;pisser;urine;vieux;incontinent;personne adule;faire caca;merde;chier
Couche urinaire,protection_urinaire_couche,2.2.0;19.3.0;20.3.0;13.3.1;18.7.0;13.3.0,fuites urinaires;protections;serviettes;urine
Serviette urinaire,protection_urinaire_serviette,16.3.0;2.20.0;2.21.0;2.2.0;13.3.0,fuites urinaires;protections;couches;urine
Psychologue,psychologue,14.1.0;2.19.0;2.10.0;12.3.0,psychologue;psychiatre;psychothérapeute;thérapeute
Psychomotricien,psychomotricien,14.1.0;2.19.0;2.25.0,médical;professionnel;santé;rééducation;corps;psychisme;psychologie;thérapeute;schéma corporel
Psychomotricien,psychomotricien_2,14.1.0;2.19.0;2.25.0,médical;professionnel;santé;rééducation;corps;psychisme;psychologie;thérapeute;schéma corporel
Puce sur lit,puce_de_lit,2.5.0;13.9.0;2.2.0;2.5.0,Logement;insalubrité;insecte;nuisible;matelas;dormir
Puces ,puces,2.5.0;13.9.0;2.2.0;2.5.0,Logement;insalubrité;insecte;nuisible;matelas;dormir
Puéricultrice,puericultrice,14.6.0;2.19.0;7.2.0;12.3.0;18.3.0,infirmière;enfant;bébé;soin
Punaises sur lit,punaises_de_lit,2.5.0;13.9.0;2.2.0;2.5.0,Logement;insalubrité;insecte;nuisible;matelas;dormir
Puzzle,puzzle,2.25.0;8.1.0;13.3.1;13.3.0,loisirs;jeux;activités;puzzles;assembler
Pyjama,pyjama_bebe,2.16.0;2.9.0,vêtement;nuit;dormir;se coucher;se reposer;habit
Quantité de lait,quantite_de_lait_en_poudre,1.4.018.1.0,lait en poudre;quantité;lait;biberon;cuillère doseuse
Quelle adresse email ?,quel_email,13.6.0;3.3.0;15.7.0,adresse email;adresse électronique;mail
Quel numéro de téléphone ?,quel_numero_telephone,13.6.0;3.3.0;15.7.0,numéro de téléphone;numéro de smartphone
Quelle température,quelle_temperature,13.5.0,température;choix;degrés;chaud;froid
Raccrocher,raccrocher_le_telephone,13.7.0;5.1.0,bouton;sonnerie;alarme;décrocher;répondre;prendre un appel;raccrocher;téléphone;portable;ligne téléphonique;appeler;joindre;téléphoner
Raisin,raisin,1.1.0,raisin;fruits;pépins
Rasage,rasage,13.7.0;2.2.0,rasage;se raser;rasoir
Récépissé demande d'asile,recepisse_de_demande_d_asile,15.3.0;3.4.0,récépissé;demande d'asile;migrant;étranger;immigré;document;papier administratif;pièce administrative
Règles douloureuses,regles_douloureuses,2.20.0;16.3.0;2.6.0,règles douloureuses;mal au ventre;douleur au ventre
Régurgitation,regurgitation,2.8.0,régurgitation;biberon;bébé
Repas hâché,repas_hache,1.9.0;20.2.0;19.1.0;18.1.0,repas mixé;repas mouliné;handicap;nourriture;alimentation;plat;personne âgée;vieux
Réseaux sociaux,reseaux_sociaux,17.0.0,Réseaux sociaux;facebook;instagram;twitter;tik tok
Ressources financières,ressources_financieres,15.5.0;3.2.0;10.0.0,argent;échelle;ressources financière;riche;pauvre;paie;payer;euros
Retraité,retraite,"7,3,0;12.3.0",retraité;retraite
Rêve cauchemar bébé,reve_cauchemar,18.4.0;13.2.0;2.10.0,bébé;sommeil;cauchemard;rêve
Réveil,reveil,13.3.0;7.1.2;2.9.0,réveil;horloge;heure;dormir;sommeil;se réveiller;sonnerie
Riz,riz,1.8.0,riz;féculents
S'habiller seul ,s_habiller_seul,13.7.0;2.16.0,vêtements;s'habiller seul;autonomie 
Sage-femme,sage_femme,16.1.0;2.23.0;2.19.0;12.3.0,accoucher;professionnel;santé;enceinte;grossesse;médical;nouveau-né;bébé;naissance
Saisons,saisons,13.4.0,saisons;printemps;été;automne;hiver
Salle de bain,salle_de_bain,13.3.0;7.1.2;2.2.0;13.3.0;13.3.4,se laver;hygiène;appartement;maison;pièce;eau;douche;baignoire;évier;savon
SAMU,samu,14.1.0;2.19.0,Service d'urgence;SAMU; urgence médicale : 
Ne travaille pas,sans_emploi,"7,3,0;12.3.0",ne travaille pas;au chomâge;sans emploi
Sans porc,sans_porc,1.6.0,halal;pas de cochon;régime alimentaire;islam;musulman;alimentation;nourriture
Scolarité,scolarite,7.2.0;18.3.0,Scolarité;école;lycée;maternelle;université;fac;collège
Se laver dans une baignoire,se_laver_baignoire,2.2.0;13.7.0,hygiène;nettoyer;propre;savon;shampoing;cheveux;baignoire; bain;eau
Se laver à la douche,se_laver_douche,2.2.0;13.7.0,hygiène;nettoyer;propre;savon;shampoing;cheveux;douche;baignoire;lavabo
Se laver au gant,se_laver_gant,2.2.0;13.7.0,hygiène;nettoyer;propre;savon;shampoing;cheveux;douche;baignoire;lavabo;évier
Se laver au lavabo,se_laver_lavabo,2.2.0;13.7.0,hygiène;nettoyer;propre;savon;shampoing;cheveux;douche;baignoire;lavabo;évier
Se lever du lit,se_lever_du_lit,13.7.0;5.1.0;2.30.0,lit;dormir; sommeil;se lever;couchage;position;se réveiller;debout
Se mettre au lit,se_mettre_au_lit,13.7.0;5.1.0;2.30.0,lit;dormir; sommeil;se coucher;couchage;position
Se promener,se_promener,8.1.0;13.7.0,se balader;nature;forêt;paysage;marcher;santé;sport
Secours populaire,secours_populaire_francais,14.3.0;15.4.0;1.3.0,première nécessité;aide;association;vếtements;manger;se nourrir;demandeur d'asile;sans papier;sans domicile fixe;SDF;migrant
Selles de couleur,selles_de_couleurs,2.8.0,caca;selles;couleurs;digestion;couches;besoins
Séquestration,sequestration,2.24.0;15.2.0,séquestration;kdnapping;séquestré;kidnappé;violence
Sérum physiologique,serum_physiologique_pipette_nez,2.2.0;18.4.0,sérum physiologique;eau salée;nettoyage;nez;soins;pipette
Siège-auto bébé,siege_auto_bebe,13.3.1;18.5.0;2.9.0;13.3.0,cosy;transport : voiture;siège auto;enfant;bébé
Faire le silence,silence,2.13.0;13.7.0,bruit;silence;berceuse
Sirop médicament,sirop_medicament,2.1.0;13.3.0,médicament;sirop;liquide
Smartphone,smartphone,13.3.5;13.3.0,Smartphone;téléphone;portable
Smartphone,smartphone_telephone,13.3.5;13.3.0,Smartphone;téléphone;portable
Soda,soda,1.7.0;1.5.0,coca cola;pepsi cola;orangina;schweppes;boisson sucrée;boisson gazeuze;sucre
Soleil,soleil,13.5.0,soleil;temps;météo;beau
Nuage et soleil,soleil_et_nuage,13.5.0,temps;météo;nuageux
Solitude,solitude,2.10.0;13.2.0;12.3.0,solitude;seul;solitaire
Soupe,soupe,1.7.0,soupe;texture lisse;légumes;mouliné;velouté
Boisson soupe,boisson_soupe,1.7.0,soupe;texture lisse;légumes;mouliné;velouté
Soutien de l'entourage,soutien_de_l_entourage,5.3.0;15.5.0;19.4.0,entourage;soutien;être entouré
Stade de la grossesse,stade_de_la_grossesse_echelle,2.22.0;16.4.0;16.1.0;2.23.0;13.8.0,grossesse;stade;mois;étapes;échographies
Stade de lecture ,stade_de_lecture,18.4.0;2.25.0,lire;lecture;savoir lire
Echelle stade de lecture,stade_de_lecture_echelle,18.4.0;2.25.0,lire;lecture;savoir lire
Stérilet,sterilet,2.21.0,stérilet;moyen de contraception
Suppositoire enfant,suppositoire,2.1.0;18.4.0,suppositoire;médicament;voie réctale
Symbole d'accueil accompagnement et accessibilité handicap,symbole_accueil_handicap_s3A,2.27.0;12.1.0;13.10.0;13.10.0;13.3.9,handicapé;invalide;situation de handicap;sourd;muet;aveule;non voyant;malvoyant;fauteuil roulant
Tablette numérique,tablette_numerique,13.3.0;7.1.2;8.1.0;13.3.5,enfant;écran;tablette;numérique;portable;smartphone;TV;jeux
Taille naissance bébé,taille_naissance_bebe,2.16.0;2.9.0,enfant;mesurer;grandir;centimètre;nourisson;santé;accouchement : médical
Tapis de jeu,tapis_de_jeu,13.3.1;2.25.0;8.1.0;13.3.0,jouer;enfant;bébé;parent;s'amuser;par terre
Taxe foncière,taxe_fonciere,15.3.0;3.6.0,taxe foncière;avis d'imposition
TCL,tcl,14.6.0;3.1.0,Transport en commun;Transport en commun lyonnais;tcl;técély
TV chambre enfant,tele_dans_chambre_enfant,17.0.0;2.9.0;18.9.0,télévison;chambre enfant;écran
Téléassistance,teleassistance,2.11.0;2.19.0;20.3.0;19.3.0;19.4.0;20.4.0,aide;alerte;secours;personne âgée;handicap;sécurité;avertir;accident
Téléphone,telephone_qui_sonne,13.3.5;13.3.0,appeler;smartphone;whattsapp;contacter;se joindre;ami;numéro;réseau;opérateur
TV cuisine,television_dans_la_cuisine,13.3.0;8.1.0,télévision;cuisine;écran
Bonne température,temperature,2.30.0;2.6.0,température;dégrés;thermométre;chaud;froid
Température bain enfant,temperature_bain_enfant,2.2.0;17.0.0;18.9.0,température bain enfant;bain;soin;eau chaude;37
Tester température lait,temperature_biberon,16.2.0;18.1.0,température;biberon;tester;chaud;bruler
Température air,temperature_de_l_air,13.5.0,température;pièce;air;degrés;chaud;froid
Température eau bébé,temperature_de_l_eau,2.29.0;18.9.0;2.2.0,baignoire;bébé;laver;bain;toilette;soins;température;chaud;froid;thermomètre
Température lit bébé,temperature_sommeil_bebe,2.9.0;18.4.0,chambre bébé;bébé ;lit;température;turbulette
Tente,tente,7.1.1;7.1.5;15.8.0,tente;habitat;logement;maison;abris
Vêtements été,tenue_ete,2.16.0;18.8.0;13.3.8;13.3.0,vêtements;habillage;été;chaud;casquette;soleil ; chaleurs
Habillement,tenue_hiver,13.3.0;13.4.0;13.3.8;18.8.0;2.16.0;11.0.0,vêtements;habillage; hiver;froid;pull;manteau;gants;bonnets
Vêtements mi-saison,tenue_mi_saison,2.16.0;18.8.0;13.3.8;13.3.0,vêtements;habillage;mi-saison
Test sang doigts,test_sang_au_bout_du_doigt,2.30.0,test;sang;doigts;piqûre
Buste femme,tete_femme,2.17.0,fille;corps
Buste femme,tete_homme,2.17.0,fille;corps
Tétine,tetine,13.3.1;18.5.0;13.3.0,tétine;sucette
Tire-lait,tire_lait,"1.4.0;1.2.0;18.1.0;16.2.0;13,3,1",allaitement;tire-lait;biberon;alimentation bébé
Titre de séjour,titre_de_sejour,15.3.0,titre de séjour;carte de séjour;immigré;étranger;document;papier; papier administratif;pièce administrative
Tomate,tomate,1.1.0,tomate;légumes;fruits
Toucher,toucher,2.14.0,toucher;mains;doigts;surface;peau;texture
"
Toucher 3",toucher_3,2.14.0,toucher;mains;doigts;surface;peau;texture
"
Toucher 2",toucher_avec_la_main,2.14.0,yeux;regarder;oeil;lunettes;lentilles;ophtalomogue;pupilles;iris;cils
Train,train,7.4.0;15.2.0;13.3.7;13.3.0,Train;SNCF
Tribunal,tribunal,14.5.0;2.24.0;14.8.0;15.2.0,tribunal;justice;parquet;tribunal de justice;loi
Tristesse,tristesse,2.10.0;13.2.0;12.3.0,émotion;mental;état;psychologie;tristesse;pleurs;larmes;sentiment
Trotteur,trotteur,7.4.0;8.1.0;13.3.7;13.3.0;13.3.1;18.5.0;2.25.0,trotteur;pied;debout;jambes;marcher;se déplacer;déplacement;bébé;enfant 
Trottinette,trottinette,7.4.0;8.1.0;13.3.7;13.3.0;13.3.1;18.5.0;2.25.0,jeu;transport;jouer;se déplacer;déplacement
Type d'habitat,type_d_habitat,7.1.1,maison;immeuble;sédentaire;mobile;sans domicile fixe
Urine de couleur,urines_de_couleurs,2.8.0,urines;couleurs;couches
Vaccins adulte,vaccin_adulte,2.1.0;2.30.0,vaccin;piqûre;seingue;injection;tétanos;hépatite;bcg
Vaccin enfant,vaccin_enfant,2.1.0;18.4.0,vaccin;piqûre;seingue;injection;tétanos;hépatite;bcg
Vache,vache,1.6.0;13.9.0,vache;animal;boeuf
Vapoteur,vapoteur,2.3.0;17.0.013.3.0,Vapoteur;vapoteuse;cigarette électronique
Varicelle,varicelle_sur_bebe,2.5.0;18.4.0;18.6.0,varicelle;bouton;se gratter;maladie
Vegan,vegan,1.1.0,végétal;végétarien;végétalien;sans viande;sans oeuf;sans produit laitier;sans lait;sans lactose;sans produit animal
Végétarien,vegetarien,1.9.0,végétal;végétarien;sans viande
Veilleuse bébé,veilleuse_bebe,18.5.0;18.10.0;13.3.0;2.9.0,enfant;dormir;dodo;s'endormir;calmer
Vélo,velo,7.4.0;13.3.1;13.3.7;13.3.0,Vélo ;Deux roues;cycle
Vélo petites roulettes,velo_a_petites_roulettes,13.3.1;2.25.0;8.1.0;13.3.0,enfant;vélo;déplacement;jouet;balade;promenade;bicyclette;roues;roulettes 
Ventoline,ventoline,13.3.1;13.3.0,ventoline;respiration;asthme
Verre,verre,13.3.0;7.1.2;1.9.0;19.1.0;20.2.0,verre;boire;eau;à table;s'hydrater ;repas
Veuf veuve,Veuf_veuve,12.1.0;12.2.0;16.0.0,mort;décès;décédé;morte;vieux;enterrement
Viande,viandes,1.6.0,viande;poulet;boeuf;protéines
Viennoiserie,viennoiserie,1.5.0,viennoiseries;gateaux;sucre
Viol,viol,2.24.0;15.2.0,agression sexuelle;traumatisme;victime;agresseur;pédophile;violence;intrusion
Violence physique,violences_physique,2.24.0;15.2.0,frapper;se battre;agresseur;victime;coup;blessure;faire mal;combattre;bleus;blessure
Violence psychologique,Violences_psychologiques,2.24.0;15.2.0,agresseur;victime;pervers narcissique;insulte;intrusion;perversion
Violence psychologique 2,Violences_psychologiques_insultes,2.24.0;15.2.0,agresseur;victime;pervers narcissique;insulte;intrusion;perversion
Violence parent enfant,violences_sur_enfant,2.24.0,frapper;se battre;agresseur;victime;coup;blessure;faire mal;combattre;bleus;blessure;famille
Visage,visage,2.17.0,visage;face;yeux;front;joues;nez;menton;bouche;oreilles
Visage,visage_seul,2.17.0,tête;nez;bouche;yeux;oreille;crâne
Vit à la campagne,vit_campagne,7.1.5;7.1.1,nature;forêt;habiter;maison;jardin
Vit en ville,vit_en_ville,7.1.5;7.1.1,cité;urbain;citadin;immeuble;habiter
Cadre et habitude de vie,vit_en_ville,7.1.1;7.1.5;15.8.0,
Voir bien,voir_bien,2.13.0;2.30.0,vue;vision;oeil
Voit mal,voir_mal,2.13.0;2.30.0,vue;regarder;malvoyant;voir;yeux;flou;canne;lunettes;lentilles de contact
Voisins,voisins,7.1.5;12.3.0,ami;locataire;maison;immeuble;ensemble;habiter;palier
Voisins,voisins_2,7.1.5,ami;locataire;maison;immeuble;ensemble;habiter;palier
Voiture,voiture,7.4.0;15.2.0;13.3.7;13.3.0,Voiture;automobile
Vol,vol_d_objet,2.24.0,vol;voler;dérober;cambriolage;brigand
Vue yeux,vue_oeil,2.14.0,yeux;regarder;oeil;lunettes;lentilles;ophtalomogue;pupilles;iris;cils
Vue visage,vue_visage,2.14.0,yeux;partie;zone;visage;regarder;oeil;lunettes;lentilles;ophtalomogue
WC,wc,13.3.0;7.1.2;2.2.0,wc;toilettes
Yaourt,yaourt,1.2.0,yaourt;laitage;fromage blanc
Yaourt vache chèvre,yaourt_de_vache_et_de_chevre,1.2.0,yaourt;allergie;laitage;vache;chèvre